Global Rank,Website Name,Category,April Web Visits,April Web Growth
1,ChatGPT,AI ChatBots,5.31B,13.04%
2,New Bing,AI Search Engine,1.45B,-5.27%
3,DeepSeek,AI ChatBots,468.57M,-5.23%
4,Gemini,AI ChatBots,422.36M,19.36%
5,GitHub Copilot,AI Code Assistant,296.91M,-5.57%
6,Nano AI Search,AI Search Engine,277.29M,-7.95%
7,Character AI,AI Character Generator,214.89M,-3.34%
8,Grok,AI ChatBots,203.92M,-3.20%
9,DeepL,AI Translate Tools,198.51M,-5.66%
10,Notion AI,AI Writer Generator,165.09M,-0.11%
11,Shop,E-COMMERCE,143.97M,4.78%
12,Perplexity AI,AI Search Engine,117.92M,-8.77%
13,JanitorAI,AI Character Generator,110.37M,-2.23%
14,Salesforce AI,AI Customer Support,103.41M,-0.15%
15,Q-Chat,AI Tools for Education,97.97M,-3.37%
16,Claude | Anthropic,AI ChatBots,97.53M,-5.41%
17,Jambot,AI Design Tool,94M,2.68%
18,Copilot | Microsoft,AI ChatBots,91.27M,17.78%
19,Google AI Studio,Productivity,72M,15.70%
20,Remove.bg,AI Image Editor,65.39M,-4.50%
21,QuillBot,AI Paraphrasing Tool,58.71M,-10.90%
22,Grammarly,AI Writer Generator,54.9M,-5.09%
23,Suno.com,AI Music Generator,53.89M,2.46%
24,Doubao,AI ChatBots,53.7M,3.39%
25,notebooklm,AI Assistants,49.41M,18.95%
26,SpicyChat AI,AI Character Generator,46.92M,15.02%
27,Qwen.ai,AI ChatBots,46.72M,1.00%
28,Baidu Wenku,AI Writer Generator,35.63M,-8.89%
29,Kimi | Dark Side of the Moon,AI ChatBots,33.19M,-20.47%
30,Lovable.dev,AI Code Assistant,30.82M,43.24%
31,Miro,Productivity,29.54M,-5.00%
32,Tencent Yuanbao,AI ChatBots,29.27M,-23.43%
33,Khanmigo,AI Tools for Education,29.22M,-8.06%
34,AI Search | Baidu,AI Search Engine,28.26M,-9.30%
35,Adot | Korean,AI ChatBots,25.88M,19.34%
36,Huggingface,Community,25.83M,-6.91%
